"Data Source","World Development Indicators",

"Country Name","Country Code","Indicator Name","Indicator Code","1961","1962","1963","1964","1965","1966","1967","1968","1969","1970","1971","1972","1973","1974","1975","1976","1977","1978","1979","1980","1981","1982","1983","1984","1985","1986","1987","1988","1989","1990","1991","1992","1993","1994","1995","1996","1997","1998","1999","2000","2001","2002","2003","2004","2005","2006","2007","2008","2009","2010","2011","2012","2013",
"Aruba","ABW","Annual freshwater withdrawals, total (billion cubic meters)","ER.H2O.FWTL.K3","","","","","","","","","","","","","","","","","","","","","","","","","","","","","","","","","","","","","","","","","","","","","","","","","","","","","",
"Andorra","AND","Annual freshwater withdrawals, total (billion cubic meters)","ER.H2O.FWTL.K3","","","","","","","","","","","","","","","","","","","","","","","","","","","","","","","","","","","","","","","","","","","","","","","","","","","","","",
"Afghanistan","AFG","Annual freshwater withdrawals, total (billion cubic meters)","ER.H2O.FWTL.K3","","","","","","","","","","","","","","","","","10.7","","","","","","","","","","26.11","","","","","","","","","","26.11","","","","","20.28","","","","","20.28","","","","20.28","","",
"Angola","AGO","Annual freshwater withdrawals, total (billion cubic meters)","ER.H2O.FWTL.K3","","","","","","","","","","","","","","","","","","","","","","","","","","","0.48","","","","","","","","","","0.48","","","","","0.6405","","","","","0.6405","","","","0.6405","","",
"Albania","ALB","Annual freshwater withdrawals, total (billion cubic meters)","ER.H2O.FWTL.K3","","","","","","","","","","","","","","","","","","","","","","","","","","","","","","","","1.2","","","","","1.2","","","","","1.838","","","","","1.838","","","","1.838","","",
"Arab World","ARB","Annual freshwater withdrawals, total (billion cubic meters)","ER.H2O.FWTL.K3","","","","","","","","","","","","","","","","","","","","","","","","","","","","","","","","104.073","","","","","196.8869","","","","","247.4931","","","","","256.0125","","","","256.0125","","",
"United Arab Emirates","ARE","Annual freshwater withdrawals, total (billion cubic meters)","ER.H2O.FWTL.K3","","","","","","","","","","","","","","","","","","","","","","0.9","","","","","","","","","","","","","","","2.108","","","","","2.904","","","","","3.998","","","","3.998","","",
"Argentina","ARG","Annual freshwater withdrawals, total (billion cubic meters)","ER.H2O.FWTL.K3","","","","","","","","","","","","","","","","","27.6","","","","","","","","","","","","","","","","","","","","28.58","","","","","32.57","","","","","32.57","","","","32.57","","",
"Armenia","ARM","Annual freshwater withdrawals, total (billion cubic meters)","ER.H2O.FWTL.K3","","","","","","","","","","","","","","","","","","","","","","","","","","","","","","","","","","","","","2.925","","","","","1.733","","","","","2.827","","","","2.827","","",
"American Samoa","ASM","Annual freshwater withdrawals, total (billion cubic meters)","ER.H2O.FWTL.K3","","","","","","","","","","","","","","","","","","","","","","","","","","","","","","","","","","","","","","","","","","","","","","","","","","","","","",
"Antigua and Barbuda","ATG","Annual freshwater withdrawals, total (billion cubic meters)","ER.H2O.FWTL.K3","","","","","","","","","","","","","","","","","","","","","","","","","","","","","","","","0.005","","","","","0.005","","","","","0.005","","","","","0.005","","","","0.005","","",
"Australia","AUS","Annual freshwater withdrawals, total (billion cubic meters)","ER.H2O.FWTL.K3","","","","","","","","","","","","","","","","","","","","","","","","","","","","","","","","","","","","","22.19","","","","","22.58","","","","","22.58","","","","22.58","","",
"Austria","AUT","Annual freshwater withdrawals, total (billion cubic meters)","ER.H2O.FWTL.K3","","","","","","","","","","","","","","","","","","","","","","3.342","","","","","3.58","","","","","3.807","","","","","3.644","","","","","3.657","","","","","3.657","","","","3.657","","",
"Azerbaijan","AZE","Annual freshwater withdrawals, total (billion cubic meters)","ER.H2O.FWTL.K3","","","","","","","","","","","","","","","","","","","","","","","","","","","","","","","","","","","","","12.51","","","","","10.07","","","","","12.21","","","","12.21","","",
"Burundi","BDI","Annual freshwater withdrawals, total (billion cubic meters)","ER.H2O.FWTL.K3","","","","","","","","","","","","","","","","","","","","","","","","","","","0.1","","","","","","","","","","0.1","","","","","0.288","","","","","0.288","","","","0.288","","",
"Belgium","BEL","Annual freshwater withdrawals, total (billion cubic meters)","ER.H2O.FWTL.K3","","","","","","","","","","","","","","","","","","","","","","9.03","","","","","","","","","","","","","","","7.617","","","","","7.537","","","","","6.216","","","","6.216","","",
"Benin","BEN","Annual freshwater withdrawals, total (billion cubic meters)","ER.H2O.FWTL.K3","","","","","","","","","","","","","","","","","","","","","","","","","","","0.11","","","","","","","","","","0.11","","","","","0.13","","","","","0.13","","","","0.13","","",
"Burkina Faso","BFA","Annual freshwater withdrawals, total (billion cubic meters)","ER.H2O.FWTL.K3","","","","","","","","","","","","","","","","","","","","","","","","","","","0.29","","","","","0.376","","","","","0.376","","","","","0.985","","","","","0.985","","","","0.985","","",
"Bangladesh","BGD","Annual freshwater withdrawals, total (billion cubic meters)","ER.H2O.FWTL.K3","","","","","","","","","","","","","","","","","","","","","","","","","","","","","","","","","","","","","","","","","","","","","","","","","","","35.87","","",
"Bulgaria","BGR","Annual freshwater withdrawals, total (billion cubic meters)","ER.H2O.FWTL.K3","","","","","","","","","","","","","","","","","","","","","","14.18","","","","","14.09","","","","","7.494","","","","","7.494","","","","","6.132","","","","","6.291","","","","6.119","","",
"Bahrain","BHR","Annual freshwater withdrawals, total (billion cubic meters)","ER.H2O.FWTL.K3","","","","","","","","","","","","","","","","","","","","","","","","","","","","","","","","0.239","","","","","0.239","","","","","0.239","","","","","0.3574","","","","0.3574","","",
"Bahamas, The","BHS","Annual freshwater withdrawals, total (billion cubic meters)","ER.H2O.FWTL.K3","","","","","","","","","","","","","","","","","","","","","","","","","","","","","","","","","","","","","","","","","","","","","","","","","","","","","",
"Bosnia and Herzegovina","BIH","Annual freshwater withdrawals, total (billion cubic meters)","ER.H2O.FWTL.K3","","","","","","","","","","","","","","","","","","","","","","","","","","","","","","","","","","","","","","","","","","","","","","","0.334","","","","0.339","","",
"Belarus","BLR","Annual freshwater withdrawals, total (billion cubic meters)","ER.H2O.FWTL.K3","","","","","","","","","","","","","","","","","","","","","","","","","","","","","","","","","","","","","","","","","","4.338","","","","","4.338","","","","4.338","","",
"Belize","BLZ","Annual freshwater withdrawals, total (billion cubic meters)","ER.H2O.FWTL.K3","","","","","","","","","","","","","","","","","","","","","","","","","","","0.02","","","","","","","","","","0.115","","","","","0.15","","","","","0.15","","","","0.15","","",
"Bermuda","BMU","Annual freshwater withdrawals, total (billion cubic meters)","ER.H2O.FWTL.K3","","","","","","","","","","","","","","","","","","","","","","","","","","","","","","","","","","","","","","","","","","","","","","","","","","","","","",
"Bolivia","BOL","Annual freshwater withdrawals, total (billion cubic meters)","ER.H2O.FWTL.K3","","","","","","","","","","","","","","","","","","","","","","","","","","","1.24","","","","","","","","","","1.24","","","","","2.027","","","","","2.027","","","","2.027","","",
"Brazil","BRA","Annual freshwater withdrawals, total (billion cubic meters)","ER.H2O.FWTL.K3","","","","","","","","","","","","","","","","","","","","","","","","","","","35.04","","","","","","","","","","54.87","","","","","59.3","","","","","58.07","","","","58.07","","",
"Barbados","BRB","Annual freshwater withdrawals, total (billion cubic meters)","ER.H2O.FWTL.K3","","0.03","","","","","","","","","","","","","","","","","","","","","","","","","","","","","","","","","","","0.0466","","","","","0.0609","","","","","0.0609","","","","0.0609","","",
"Brunei Darussalam","BRN","Annual freshwater withdrawals, total (billion cubic meters)","ER.H2O.FWTL.K3","","","","","","","","","","","","","","","","","","","","","","","","","","","","","","","","0.076","","","","","0.092","","","","","0.092","","","","","0.092","","","","0.092","","",
"Bhutan","BTN","Annual freshwater withdrawals, total (billion cubic meters)","ER.H2O.FWTL.K3","","","","","","","","","","","","","","","","","","","","","","","","","","","","","","","","","","","","","","","","","","","","","","","","","","","0.338","","",
"Botswana","BWA","Annual freshwater withdrawals, total (billion cubic meters)","ER.H2O.FWTL.K3","","","","","","","","","","","","","","","","","","","","","","","","","","","0.09","","","","","0.113","","","","","0.1434","","","","","0.194","","","","","0.194","","","","0.194","","",
"Sub-Saharan Africa (IFC classification)","CAA","Annual freshwater withdrawals, total (billion cubic meters)","ER.H2O.FWTL.K3","","","","","","","","","","","","","","","","","","","","","","","","","","","","","","","","","","","","","","","","","","","","","","","","","","","","","",
"Central African Republic","CAF","Annual freshwater withdrawals, total (billion cubic meters)","ER.H2O.FWTL.K3","","","","","","","","","","","","","","","","","","","","","","","","","","","","","","","","","","","","","","","","","","0.0668","","","","","0.0668","","","","0.0668","","",
"Canada","CAN","Annual freshwater withdrawals, total (billion cubic meters)","ER.H2O.FWTL.K3","","","","","","","","","","","","","","","","","","","","","","","","","","","42.2","","","","","","","","","","42.2","","","","","45.97","","","","","45.97","","","","45.97","","",
"East Asia and the Pacific (IFC classification)","CEA","Annual freshwater withdrawals, total (billion cubic meters)","ER.H2O.FWTL.K3","","","","","","","","","","","","","","","","","","","","","","","","","","","","","","","","","","","","","","","","","","","","","","","","","","","","","",
"Europe and Central Asia (IFC classification)","CEU","Annual freshwater withdrawals, total (billion cubic meters)","ER.H2O.FWTL.K3","","","","","","","","","","","","","","","","","","","","","","","","","","","","","","","","","","","","","","","","","","","","","","","","","","","","","",
"Switzerland","CHE","Annual freshwater withdrawals, total (billion cubic meters)","ER.H2O.FWTL.K3","","","","","","","","","","","","","","","","","","","","","","","","","","","3.2","","","","","","","","","","3.2","","","","","2.614","","","","","2.614","","","","2.614","","",
"Channel Islands","CHI","Annual freshwater withdrawals, total (billion cubic meters)","ER.H2O.FWTL.K3","","","","","","","","","","","","","","","","","","","","","","","","","","","","","","","","","","","","","","","","","","","","","","","","","","","","","",
"Chile","CHL","Annual freshwater withdrawals, total (billion cubic meters)","ER.H2O.FWTL.K3","","","","","","","","","","","","","","","","","","","","","","","","","","","","","","","","20.29","","","","","20.29","","","","","11.34","","","","","11.34","","","","11.34","","",
"China","CHN","Annual freshwater withdrawals, total (billion cubic meters)","ER.H2O.FWTL.K3","","","","","","","","","","","","","","","","","","","","","","443.7","","","","","481.1","","","","","500","","","","","525.4","","","","","525.4","","","","","554.1","","","","554.1","","",
"Cote d'Ivoire","CIV","Annual freshwater withdrawals, total (billion cubic meters)","ER.H2O.FWTL.K3","","","","","","","","","","","","","","","","","","","","","","","","","","","0.709","","","","","1.1","","","","","1.232","","","","","1.409","","","","","1.409","","","","1.409","","",
"Latin America and the Caribbean (IFC classification)","CLA","Annual freshwater withdrawals, total (billion cubic meters)","ER.H2O.FWTL.K3","","","","","","","","","","","","","","","","","","","","","","","","","","","","","","","","","","","","","","","","","","","","","","","","","","","","","",
"Middle East and North Africa (IFC classification)","CME","Annual freshwater withdrawals, total (billion cubic meters)","ER.H2O.FWTL.K3","","","","","","","","","","","","","","","","","","","","","","","","","","","","","","","","","","","","","","","","","","","","","","","","","","","","","",
"Cameroon","CMR","Annual freshwater withdrawals, total (billion cubic meters)","ER.H2O.FWTL.K3","","","","","","","","","","","","","","","","","","","","","","","","","","","0.396","","","","","0.4","","","","","0.4","","","","","0.9594","","","","","0.9594","","","","0.9594","","",
"Congo, Rep.","COG","Annual freshwater withdrawals, total (billion cubic meters)","ER.H2O.FWTL.K3","","","","","","","","","","","","","","","","","","","","","","","","","","","0.04","","","","","","","","","","0.04","","","","","0.046","","","","","0.046","","","","0.046","","",
"Colombia","COL","Annual freshwater withdrawals, total (billion cubic meters)","ER.H2O.FWTL.K3","","","","","","","","","","","","","","","","","","","","","","","","","","","","","","","","","","","","","8.938","","","","","12.65","","","","","12.65","","","","12.65","","",
"Comoros","COM","Annual freshwater withdrawals, total (billion cubic meters)","ER.H2O.FWTL.K3","","","","","","","","","","","","","","","","","","","","","","","","","","","","","","","","","","","","","","","","","","0.01","","","","","0.01","","","","0.01","","",
"Cape Verde","CPV","Annual freshwater withdrawals, total (billion cubic meters)","ER.H2O.FWTL.K3","","","","","","","","","","","","","","","","","","","","","","","","","","","","","","","","","","","","","","","","","","0.022","","","","","0.022","","","","0.022","","",
"Costa Rica","CRI","Annual freshwater withdrawals, total (billion cubic meters)","ER.H2O.FWTL.K3","","","","","","","","","","","","","","","","","","","","","","","","","","","","","","","","","","","","","5.772","","","","","2.68","","","","","2.68","","","","2.68","","",
"South Asia (IFC classification)","CSA","Annual freshwater withdrawals, total (billion cubic meters)","ER.H2O.FWTL.K3","","","","","","","","","","","","","","","","","","","","","","","","","","","","","","","","","","","","","","","","","","","","","","","","","","","","","",
"Caribbean small states","CSS","Annual freshwater withdrawals, total (billion cubic meters)","ER.H2O.FWTL.K3","","","","","","","","","","","","","","","","","","","","","","","","","","","","","","","","","","","","","3.3382","","","","","3.3688","","","","","3.3954","","","","3.3954","","",
"Cuba","CUB","Annual freshwater withdrawals, total (billion cubic meters)","ER.H2O.FWTL.K3","","","","","","","","","","","","","","","","","","","","","","","","","","","","","","","","","","","","","5.211","","","","","7.555","","","","","7.555","","","","7.555","","",
"Curacao","CUW","Annual freshwater withdrawals, total (billion cubic meters)","ER.H2O.FWTL.K3","","","","","","","","","","","","","","","","","","","","","","","","","","","","","","","","","","","","","","","","","","","","","","","","","","","","","",
"Cayman Islands","CYM","Annual freshwater withdrawals, total (billion cubic meters)","ER.H2O.FWTL.K3","","","","","","","","","","","","","","","","","","","","","","","","","","","","","","","","","","","","","","","","","","","","","","","","","","","","","",
"Cyprus","CYP","Annual freshwater withdrawals, total (billion cubic meters)","ER.H2O.FWTL.K3","","","","","","","","","","","","","","","","","0.155","","","","","0.177","","","","","0.2","","","","","0.226","","","","","0.211","","","","","0.1945","","","","","0.216","","","","0.184","","",
"Czech Republic","CZE","Annual freshwater withdrawals, total (billion cubic meters)","ER.H2O.FWTL.K3","","","","","","","","","","","","","","","","","","","","","","","","","","","","","","","","","","","","","2.493","","","","","1.748","","","","","1.699","","","","1.699","","",
"Germany","DEU","Annual freshwater withdrawals, total (billion cubic meters)","ER.H2O.FWTL.K3","","","","","","","","","","","","","","","","","","","","","","","","","","","","","","","","","","","","","45.2","","","","","39.15","","","","","32.3","","","","32.3","","",
"Djibouti","DJI","Annual freshwater withdrawals, total (billion cubic meters)","ER.H2O.FWTL.K3","","","","","","","","","","","","","","","","","","","","","","","","","","","0.008","","","","","","","","","","0.008","","","","","0.019","","","","","0.019","","","","0.019","","",
"Dominica","DMA","Annual freshwater withdrawals, total (billion cubic meters)","ER.H2O.FWTL.K3","","","","","","","","","","","","","","","","","","","","","","","","","","","","","","","","","","","","","0.0166","","","","","0.0166","","","","","0.0166","","","","0.0166","","",
"Denmark","DNK","Annual freshwater withdrawals, total (billion cubic meters)","ER.H2O.FWTL.K3","","","","","","","","","","","","","","","","","","","","","","","","","","","","","","","","1.132","","","","","1.132","","","","","0.6842","","","","","0.57","","","","0.66","","",
"Dominican Republic","DOM","Annual freshwater withdrawals, total (billion cubic meters)","ER.H2O.FWTL.K3","","","","","","","","","","","","","","","","","","","","","","","","","","","","","","","","","","","","","8.339","","","","","3.485","","","","","3.485","","","","3.485","","",
"Algeria","DZA","Annual freshwater withdrawals, total (billion cubic meters)","ER.H2O.FWTL.K3","","","","","","","","","","","","2","","","","","2.5","","","","","3","","","","","3.5","","","","","4.5","","","","","4.5","","","","","6.161","","","","","6.161","","","","6.161","","",
"East Asia & Pacific (developing only)","EAP","Annual freshwater withdrawals, total (billion cubic meters)","ER.H2O.FWTL.K3","","","","","","","","","","","","","","","","","","","","","","","","","","","","","","","","","","","","","","","","","","","","","","","949.2558","","","","951.9158","","",
"East Asia & Pacific (all income levels)","EAS","Annual freshwater withdrawals, total (billion cubic meters)","ER.H2O.FWTL.K3","","","","","","","","","","","","","","","","","","","","","","","","","","","","","","","","","","","","","","","","","","","","","","","1092.3808","","","","1095.0408","","",
"Europe & Central Asia (developing only)","ECA","Annual freshwater withdrawals, total (billion cubic meters)","ER.H2O.FWTL.K3","","","","","","","","","","","","","","","","","","","","","","","","","","","","","","","","","","","","","242.518","","","","","249.24","","","","","255.387","","","","254.4149","","",
"Europe & Central Asia (all income levels)","ECS","Annual freshwater withdrawals, total (billion cubic meters)","ER.H2O.FWTL.K3","","","","","","","","","","","","","","","","","","","","","","","","","","","","","","","","","","","","","542.2715","","","","","555.7257","","","","","547.9937","","","","545.9861","","",
"Ecuador","ECU","Annual freshwater withdrawals, total (billion cubic meters)","ER.H2O.FWTL.K3","","","","","","","","","","","","","","","","","","","","","","","","","","","","","","","","","","","","","16.99","","","","","15.25","","","","","15.25","","","","15.25","","",
"Egypt, Arab Rep.","EGY","Annual freshwater withdrawals, total (billion cubic meters)","ER.H2O.FWTL.K3","","","","","","","","","","","","","","","","","48.2","","","","","","","","","","","","","","","","","","","","58.87","","","","","68.3","","","","","68.3","","","","68.3","","",
"Euro area","EMU","Annual freshwater withdrawals, total (billion cubic meters)","ER.H2O.FWTL.K3","","","","","","","","","","","","","","","","","","","","","","102.187","","","","","","","","","","","","","","","183.1825","","","","","198.4906","","","","","187.3911","","","","186.3551","","",
"Eritrea","ERI","Annual freshwater withdrawals, total (billion cubic meters)","ER.H2O.FWTL.K3","","","","","","","","","","","","","","","","","","","","","","","","","","","","","","","","","","","","","","","","","","0.4134","","","","","0.582","","","","0.582","","",
"Spain","ESP","Annual freshwater withdrawals, total (billion cubic meters)","ER.H2O.FWTL.K3","","","","","","","","","","","","","","","","","","","","","","39.92","","","","","45.85","","","","","36.9","","","","","34.6","","","","","36.69","","","","","32.63","","","","32.46","","",
"Estonia","EST","Annual freshwater withdrawals, total (billion cubic meters)","ER.H2O.FWTL.K3","","","","","","","","","","","","","","","","","","","","","","","","","","","","","","","","","","","","","0.158","","","","","1.462","","","","","1.796","","","","1.796","","",
"Ethiopia","ETH","Annual freshwater withdrawals, total (billion cubic meters)","ER.H2O.FWTL.K3","","","","","","","","","","","","","","","","","","","","","","","","","","","","","","","","","","","","","","","","","","5.558","","","","","5.558","","","","5.558","","",
"European Union","EUU","Annual freshwater withdrawals, total (billion cubic meters)","ER.H2O.FWTL.K3","","","","","","","","","","","","","","","","","","","","","","172.718","","","","","175.283","","","","","155.179","","","","","243.6415","","","","","256.1438","","","","","241.0471","","","","238.2871","","",
"Finland","FIN","Annual freshwater withdrawals, total (billion cubic meters)","ER.H2O.FWTL.K3","","","","","","","","","","","","","","","","","","","","","","3.7","","","","","4","","","","","2.347","","","","","2.586","","","","","2.27","","","","","1.634","","","","1.634","","",
"Fiji","FJI","Annual freshwater withdrawals, total (billion cubic meters)","ER.H2O.FWTL.K3","","","","","","","","","","","","","","","","","","","","","","","","","","","0.03","","","","","","","","","","0.03","","","","","0.0817","","","","","0.0817","","","","0.0817","","",
"France","FRA","Annual freshwater withdrawals, total (billion cubic meters)","ER.H2O.FWTL.K3","","","","","","","","","","","","","","","","","","","","","","30.97","","","","","34.89","","","","","37.69","","","","","30.34","","","","","32.71","","","","","31.62","","","","31.62","","",
"Faeroe Islands","FRO","Annual freshwater withdrawals, total (billion cubic meters)","ER.H2O.FWTL.K3","","","","","","","","","","","","","","","","","","","","","","","","","","","","","","","","","","","","","","","","","","","","","","","","","","","","","",
"Micronesia, Fed. Sts.","FSM","Annual freshwater withdrawals, total (billion cubic meters)","ER.H2O.FWTL.K3","","","","","","","","","","","","","","","","","","","","","","","","","","","","","","","","","","","","","","","","","","","","","","","","","","","","","",
"Gabon","GAB","Annual freshwater withdrawals, total (billion cubic meters)","ER.H2O.FWTL.K3","","","","","","","","","","","","","","","","","","","","","","","","","","","0.06","","","","","","","","","","0.06","","","","","0.13","","","","","0.13","","","","0.13","","",
"United Kingdom","GBR","Annual freshwater withdrawals, total (billion cubic meters)","ER.H2O.FWTL.K3","","","","","","","","","","","","","","","","","","","","","","13.51","","","","","11.53","","","","","12.05","","","","","12.12","","","","","15.59","","","","","12.99","","","","12.99","","",
"Georgia","GEO","Annual freshwater withdrawals, total (billion cubic meters)","ER.H2O.FWTL.K3","","","","","","","","","","","","","","","","","","","","","","","","","","","","","","","","","","","","","","","","","","","","","","","1.813","","","","1.813","","",
"Ghana","GHA","Annual freshwater withdrawals, total (billion cubic meters)","ER.H2O.FWTL.K3","","","","","","","","","","","","0.3","","","","","","","","","","","","","","","","","","","","","","","","","0.3","","","","","0.982","","","","","0.982","","","","0.982","","",
"Guinea","GIN","Annual freshwater withdrawals, total (billion cubic meters)","ER.H2O.FWTL.K3","","","","","","","","","","","","","","","","","","","","","","","","","","","0.74","","","","","","","","","","0.74","","","","","1.62","","","","","1.62","","","","1.62","","",
"Gambia, The","GMB","Annual freshwater withdrawals, total (billion cubic meters)","ER.H2O.FWTL.K3","","","","","","","","","","","","","","","","","","","","","","0.02","","","","","","","","","","","","","","","0.02","","","","","0.0713","","","","","0.0713","","","","0.0713","","",
"Guinea-Bissau","GNB","Annual freshwater withdrawals, total (billion cubic meters)","ER.H2O.FWTL.K3","","","","","","","","","","","","","","","","","","","","","","","","","","","","","","","","0.0166","","","","","0.175","","","","","0.175","","","","","0.175","","","","0.175","","",
"Equatorial Guinea","GNQ","Annual freshwater withdrawals, total (billion cubic meters)","ER.H2O.FWTL.K3","","","","","","","","","","","","","","","","","","","","","","","","","","","0.01","","","","","","","","","","0.01","","","","","0.0174","","","","","0.0174","","","","0.0174","","",
"Greece","GRC","Annual freshwater withdrawals, total (billion cubic meters)","ER.H2O.FWTL.K3","","","","","","","","","","","","","","","","","","","","","","5.04","","","","","5.496","","","","","7.03","","","","","7.03","","","","","9.925","","","","","9.471","","","","9.471","","",
"Grenada","GRD","Annual freshwater withdrawals, total (billion cubic meters)","ER.H2O.FWTL.K3","","","","","","","","","","","","","","","","","","","","","","","","","","","","","","","","","","","","","","","","","","","","","","","0.01","","","","0.01","","",
"Greenland","GRL","Annual freshwater withdrawals, total (billion cubic meters)","ER.H2O.FWTL.K3","","","","","","","","","","","","","","","","","","","","","","","","","","","","","","","","","","","","","","","","","","","","","","","","","","","","","",
"Guatemala","GTM","Annual freshwater withdrawals, total (billion cubic meters)","ER.H2O.FWTL.K3","","","","","","","","","","","","","","","","","","","","","","","","","","","","","","","","","","","","","","","","","","2.933","","","","","2.933","","","","2.933","","",
"Guam","GUM","Annual freshwater withdrawals, total (billion cubic meters)","ER.H2O.FWTL.K3","","","","","","","","","","","","","","","","","","","","","","","","","","","","","","","","","","","","","","","","","","","","","","","","","","","","","",
"Guyana","GUY","Annual freshwater withdrawals, total (billion cubic meters)","ER.H2O.FWTL.K3","","","","","","","","","","","","","","","","","","","","","","","","","","","","","","","","1.46","","","","","1.46","","","","","1.64","","","","","1.64","","","","1.64","","",
"High income","HIC","Annual freshwater withdrawals, total (billion cubic meters)","ER.H2O.FWTL.K3","","","","","","","","","","","","","","","","","","","","","","","","","","","","","","","","","","","","","968.7922","","","","","1009.7671","","","","","1009.1231","","","","1008.0876","","",
"Hong Kong SAR, China","HKG","Annual freshwater withdrawals, total (billion cubic meters)","ER.H2O.FWTL.K3","","","","","","","","","","","","","","","","","","","","","","","","","","","","","","","","","","","","","","","","","","","","","","","","","","","","","",
"Honduras","HND","Annual freshwater withdrawals, total (billion cubic meters)","ER.H2O.FWTL.K3","","","","","","","","","","","","","","","","","","","","","","","","","","","","","","","","","","","","","","","","","","1.194","","","","","1.194","","","","1.194","","",
"Heavily indebted poor countries (HIPC)","HPC","Annual freshwater withdrawals, total (billion cubic meters)","ER.H2O.FWTL.K3","","","","","","","","","","","","","","","","","","","","","","","","","","","","","","","","","","","","","76.3689","","","","","119.1269","","","","","119.3035","","","","119.3035","","",
"Croatia","HRV","Annual freshwater withdrawals, total (billion cubic meters)","ER.H2O.FWTL.K3","","","","","","","","","","","","","","","","","","","","","","","","","","","","","","","","","","","","","","","","","","","","","","","","","","","0.631","","",
"Haiti","HTI","Annual freshwater withdrawals, total (billion cubic meters)","ER.H2O.FWTL.K3","","","","","","","","","","","","","","","","","","","","","","","","","","","","","","","","0.9799","","","","","0.9799","","","","","1.2","","","","","1.2","","","","1.2","","",
"Hungary","HUN","Annual freshwater withdrawals, total (billion cubic meters)","ER.H2O.FWTL.K3","","","","","","","","","","","","","","","","","","","","","","4.805","","","","","6.351","","","","","","","","","","6.351","","","","","5.84","","","","","5.59","","","","5.59","","",
"Indonesia","IDN","Annual freshwater withdrawals, total (billion cubic meters)","ER.H2O.FWTL.K3","","","","","","","","","","","","","","","","","","","","","","","","","","","","","","","","74.34","","","","","74.34","","","","","113.3","","","","","113.3","","","","113.3","","",
"Isle of Man","IMN","Annual freshwater withdrawals, total (billion cubic meters)","ER.H2O.FWTL.K3","","","","","","","","","","","","","","","","","","","","","","","","","","","","","","","","","","","","","","","","","","","","","","","","","","","","","",
"India","IND","Annual freshwater withdrawals, total (billion cubic meters)","ER.H2O.FWTL.K3","","","","","","","","","","","","","","","","","380","","","","","438.3","","","","","497.4","","","","","500","","","","","500","","","","","610.4","","","","","610.4","","","","761","","",
"Not classified","INX","Annual freshwater withdrawals, total (billion cubic meters)","ER.H2O.FWTL.K3","","","","","","","","","","","","","","","","","","","","","","","","","","","","","","","","","","","","","","","","","","","","","","","","","","","","","",
"Ireland","IRL","Annual freshwater withdrawals, total (billion cubic meters)","ER.H2O.FWTL.K3","","","","","","","","","","","","","","","","","","","","","","0.79","","","","","","","","","","","","","","","0.79","","","","","0.79","","","","","0.79","","","","0.79","","",
"Iran, Islamic Rep.","IRN","Annual freshwater withdrawals, total (billion cubic meters)","ER.H2O.FWTL.K3","","","","","","","","","","","","","","","","","45","","","","","","","","","","","","","","","","","","","","83","","","","","89.7","","","","","93.3","","","","93.3","","",
"Iraq","IRQ","Annual freshwater withdrawals, total (billion cubic meters)","ER.H2O.FWTL.K3","","","","","","","","","","","","","","","","","40.56","","","","","40.8","","","","","41.02","","","","","42.8","","","","","54.4","","","","","66","","","","","66","","","","66","","",
"Iceland","ISL","Annual freshwater withdrawals, total (billion cubic meters)","ER.H2O.FWTL.K3","","","","","","","","","","","","","","","","","","","","","","0.108","","","","","0.112","","","","","0.167","","","","","0.167","","","","","0.163","","","","","0.165","","","","0.165","","",
"Israel","ISR","Annual freshwater withdrawals, total (billion cubic meters)","ER.H2O.FWTL.K3","","","","","","","","","","","","1.564","","","","","1.632","","","","","1.7","","","","","1.9","","","","","1.804","","","","","1.804","","","","","1.831","","","","","1.954","","","","1.954","","",
"Italy","ITA","Annual freshwater withdrawals, total (billion cubic meters)","ER.H2O.FWTL.K3","","","","","","","","","","","","41.6","","","","","","","","","","","","","","","","","","","","","","","","","41.6","","","","","45.41","","","","","45.41","","","","45.41","","",
"Jamaica","JAM","Annual freshwater withdrawals, total (billion cubic meters)","ER.H2O.FWTL.K3","","","","","","","","","","","","","","","","","","","","","","","","","","","","","","","","","","","","","0.928","","","","","0.5847","","","","","0.5847","","","","0.5847","","",
"Jordan","JOR","Annual freshwater withdrawals, total (billion cubic meters)","ER.H2O.FWTL.K3","","","","","","","","","","","","","","","","","0.451","","","","","0.535","","","","","0.619","","","","","0.984","","","","","0.984","","","","","0.984","","","","","0.9409","","","","0.9409","","",
"Japan","JPN","Annual freshwater withdrawals, total (billion cubic meters)","ER.H2O.FWTL.K3","","","","","","","","","","","","","","","","","","","","","","88.2","","","","","","","","","","91.4","","","","","89.07","","","","","90.04","","","","","90.04","","","","90.04","","",
"Kazakhstan","KAZ","Annual freshwater withdrawals, total (billion cubic meters)","ER.H2O.FWTL.K3","","","","","","","","","","","","","","","","","","","","","","","","","","","","","","","","","","","","","33.67","","","","","19.7","","","","","20.72","","","","21.14","","",
"Kenya","KEN","Annual freshwater withdrawals, total (billion cubic meters)","ER.H2O.FWTL.K3","","","","","","","","","","","","","","","","","","","","","","","","","","","","","","","","2.049","","","","","2.049","","","","","2.049","","","","","2.735","","","","2.735","","",
"Kyrgyz Republic","KGZ","Annual freshwater withdrawals, total (billion cubic meters)","ER.H2O.FWTL.K3","","","","","","","","","","","","","","","","","","","","","","","","","","","","","","","","","","","","","10.09","","","","","10.08","","","","","10.08","","","","10.08","","",
"Cambodia","KHM","Annual freshwater withdrawals, total (billion cubic meters)","ER.H2O.FWTL.K3","","","","","","","","","","","","","","","","","","","","","","","","","","","","","","","","","","","","","","","","","","","","","","","2.184","","","","2.184","","",
"Kiribati","KIR","Annual freshwater withdrawals, total (billion cubic meters)","ER.H2O.FWTL.K3","","","","","","","","","","","","","","","","","","","","","","","","","","","","","","","","","","","","","","","","","","","","","","","","","","","","","",
"St. Kitts and Nevis","KNA","Annual freshwater withdrawals, total (billion cubic meters)","ER.H2O.FWTL.K3","","","","","","","","","","","","","","","","","","","","","","","","","","","","","","","","","","","","","","","","","","","","","","","","","","","","","",
"Korea, Rep.","KOR","Annual freshwater withdrawals, total (billion cubic meters)","ER.H2O.FWTL.K3","","","","","","","","","","","","","","","","","","","","","","","","","","","","","","","","","","","","","","","","","","25.47","","","","","25.47","","","","25.47","","",
"Kosovo","KSV","Annual freshwater withdrawals, total (billion cubic meters)","ER.H2O.FWTL.K3","","","","","","","","","","","","","","","","","","","","","","","","","","","","","","","","","","","","","","","","","","","","","","","","","","","","","",
"Kuwait","KWT","Annual freshwater withdrawals, total (billion cubic meters)","ER.H2O.FWTL.K3","","","","","","","","","","","","","","","","","","","","","","","","","","","","","","","","","","","","","0.538","","","","","0.9132","","","","","0.9132","","","","0.9132","","",
"Latin America & Caribbean (developing only)","LAC","Annual freshwater withdrawals, total (billion cubic meters)","ER.H2O.FWTL.K3","","","","","","","","","","","","","","","","","","","","","","","","","","","","","","","","","","","","","215.7915","","","","","248.525","","","","","253.6716","","","","254.5216","","",
"Lao PDR","LAO","Annual freshwater withdrawals, total (billion cubic meters)","ER.H2O.FWTL.K3","","","","","","","","","","","","","","","","","","","","","","","","","","","","","","","","","","","","","","","","","","","","","","","4.26","","","","4.26","","",
"Lebanon","LBN","Annual freshwater withdrawals, total (billion cubic meters)","ER.H2O.FWTL.K3","","","","","","","","","","","","","","","","","0.751","","","","","","","","","","","","","","","","","","","","1.293","","","","","1.433","","","","","1.31","","","","1.31","","",
"Liberia","LBR","Annual freshwater withdrawals, total (billion cubic meters)","ER.H2O.FWTL.K3","","","","","","","","","","","","","","","","","","","","","","","","","","","0.13","","","","","","","","","","0.13","","","","","0.1785","","","","","0.1785","","","","0.1785","","",
"Libya","LBY","Annual freshwater withdrawals, total (billion cubic meters)","ER.H2O.FWTL.K3","","","","","","","","","","","","","","","","","1.2","","","","","1.47","","","","","3.115","","","","","4.76","","","","","4.6","","","","","4.326","","","","","4.326","","","","4.326","","",
"St. Lucia","LCA","Annual freshwater withdrawals, total (billion cubic meters)","ER.H2O.FWTL.K3","","","","","","","","","","","","","","","","","","","","","","","","","","","","","","","","","","","","","","","","","","","","","","","0.0166","","","","0.0166","","",
"Latin America & Caribbean (all income levels)","LCN","Annual freshwater withdrawals, total (billion cubic meters)","ER.H2O.FWTL.K3","","","","","","","","","","","","","","","","","","","","","","","","","","","","","","","","","","","","","237.9053","","","","","264.679","","","","","269.9641","","","","270.8141","","",
"Least developed countries: UN classification","LDC","Annual freshwater withdrawals, total (billion cubic meters)","ER.H2O.FWTL.K3","","","","","","","","","","","","","","","","","","","","","","","","","","","","","","","","","","","","","103.4369","","","","","156.7904","","","","","164.683","","","","200.891","","",
"Low income","LIC","Annual freshwater withdrawals, total (billion cubic meters)","ER.H2O.FWTL.K3","","","","","","","","","","","","","","","","","","","","","","","","","","","","","","","","","","","","","103.5829","","","","","138.2485","","","","","149.4181","","","","185.2881","","",
"Liechtenstein","LIE","Annual freshwater withdrawals, total (billion cubic meters)","ER.H2O.FWTL.K3","","","","","","","","","","","","","","","","","","","","","","","","","","","","","","","","","","","","","","","","","","","","","","","","","","","","","",
"Sri Lanka","LKA","Annual freshwater withdrawals, total (billion cubic meters)","ER.H2O.FWTL.K3","","","","","","","","","","","","","","","","","","","","","","","","","","","","","","","","9.769","","","","","9.769","","","","","13.01","","","","","12.95","","","","12.95","","",
"Lower middle income","LMC","Annual freshwater withdrawals, total (billion cubic meters)","ER.H2O.FWTL.K3","","","","","","","","","","","","","","","","","","","","","","","","","","","","","","","","","","","","","994.616","","","","","1227.4328","","","","","1347.6165","","","","1512.1145","","",
"Low & middle income","LMY","Annual freshwater withdrawals, total (billion cubic meters)","ER.H2O.FWTL.K3","","","","","","","","","","","","","","","","","","","","","","","","","","","","","","","","","","","","","2138.8252","","","","","2445.3788","","","","","2685.4364","","","","2885.6848","","",
"Lesotho","LSO","Annual freshwater withdrawals, total (billion cubic meters)","ER.H2O.FWTL.K3","","","","","","","","","","","","","","","","","","","","","","","","","","","0.05","","","","","","","","","","0.05","","","","","0.05","","","","","0.05","","","","0.05","","",
"Lithuania","LTU","Annual freshwater withdrawals, total (billion cubic meters)","ER.H2O.FWTL.K3","","","","","","","","","","","","","","","","","","","","","","","","","","","","","","","","","","","","","0.253","","","","","2.758","","","","","2.378","","","","2.378","","",
"Luxembourg","LUX","Annual freshwater withdrawals, total (billion cubic meters)","ER.H2O.FWTL.K3","","","","","","","","","","","","","","","","","","","","","","","","","","","0.067","","","","","0.059","","","","","0.0565","","","","","0.0602","","","","","0.0602","","","","0.0602","","",
"Latvia","LVA","Annual freshwater withdrawals, total (billion cubic meters)","ER.H2O.FWTL.K3","","","","","","","","","","","","","","","","","","","","","","","","","","","","","","","","","","","","","0.285","","","","","0.413","","","","","0.413","","","","0.413","","",
"Macao SAR, China","MAC","Annual freshwater withdrawals, total (billion cubic meters)","ER.H2O.FWTL.K3","","","","","","","","","","","","","","","","","","","","","","","","","","","","","","","","","","","","","","","","","","","","","","","","","","","","","",
"St. Martin (French part)","MAF","Annual freshwater withdrawals, total (billion cubic meters)","ER.H2O.FWTL.K3","","","","","","","","","","","","","","","","","","","","","","","","","","","","","","","","","","","","","","","","","","","","","","","","","","","","","",
"Morocco","MAR","Annual freshwater withdrawals, total (billion cubic meters)","ER.H2O.FWTL.K3","","","","","","","","","","","","","","","","","9","","","","","10.05","","","","","11","","","","","11.04","","","","","11.26","","","","","12.61","","","","","12.61","","","","12.61","","",
"Monaco","MCO","Annual freshwater withdrawals, total (billion cubic meters)","ER.H2O.FWTL.K3","","","","","","","","","","","","","","","","","","","","","","","","","","","","","","","","0.0067","","","","","0.006","","","","","0.0058","","","","","0.0055","","","","0.005","","",
"Moldova","MDA","Annual freshwater withdrawals, total (billion cubic meters)","ER.H2O.FWTL.K3","","","","","","","","","","","","","","","","","","","","","","","","","","","","","","","","2.963","","","","","2.963","","","","","1.915","","","","","1.915","","","","1.915","","",
"Madagascar","MDG","Annual freshwater withdrawals, total (billion cubic meters)","ER.H2O.FWTL.K3","","","","","","","","","","","","","","","","","","","","","","","","","","","16.3","","","","","","","","","","16.3","","","","","14.68","","","","","14.68","","","","14.68","","",
"Maldives","MDV","Annual freshwater withdrawals, total (billion cubic meters)","ER.H2O.FWTL.K3","","","","","","","","","","","","","","","","","","","","","","","","","","","0.0034","","","","","","","","","","0.0034","","","","","0.0034","","","","","0.0034","","","","0.0059","","",
"Middle East & North Africa (all income levels)","MEA","Annual freshwater withdrawals, total (billion cubic meters)","ER.H2O.FWTL.K3","","","","","","","","","","","","","","","","","153.854","","","","","","","","","","","","","","","90.377","","","","","262.4069","","","","","297.037","","","","","309.2714","","","","309.2714","","",
"Mexico","MEX","Annual freshwater withdrawals, total (billion cubic meters)","ER.H2O.FWTL.K3","","","","","","","","","","","","","","","","","","","","","","56","","","","","","","","","","","","","","","56","","","","","72.6","","","","","78.95","","","","79.8","","",
"Marshall Islands","MHL","Annual freshwater withdrawals, total (billion cubic meters)","ER.H2O.FWTL.K3","","","","","","","","","","","","","","","","","","","","","","","","","","","","","","","","","","","","","","","","","","","","","","","","","","","","","",
"Middle income","MIC","Annual freshwater withdrawals, total (billion cubic meters)","ER.H2O.FWTL.K3","","","","","","","","","","","","","","","","","","","","","","","","","","","","","","","","","","","","","2035.2423","","","","","2307.1303","","","","","2536.0183","","","","2700.3967","","",
"Macedonia, FYR","MKD","Annual freshwater withdrawals, total (billion cubic meters)","ER.H2O.FWTL.K3","","","","","","","","","","","","","","","","","","","","","","","","","","","","","","","","","","","","","1.555","","","","","0.694","","","","","1.028","","","","1.028","","",
"Mali","MLI","Annual freshwater withdrawals, total (billion cubic meters)","ER.H2O.FWTL.K3","","","","","","","","","","","","","","","","","","","","","","","","","","","1.36","","","","","","","","","","1.36","","","","","6.546","","","","","6.546","","","","6.546","","",
"Malta","MLT","Annual freshwater withdrawals, total (billion cubic meters)","ER.H2O.FWTL.K3","","","","","","","","","","","","","","","","","","","","","","0.02","","","","","","","","","","","","","","","0.056","","","","","0.0539","","","","","0.0539","","","","0.0539","","",
"Myanmar","MMR","Annual freshwater withdrawals, total (billion cubic meters)","ER.H2O.FWTL.K3","","","","","","","","","","","","","","","","","","","","","","","","","","","28.26","","","","","","","","","","28.26","","","","","33.23","","","","","33.23","","","","33.23","","",
"Middle East & North Africa (developing only)","MNA","Annual freshwater withdrawals, total (billion cubic meters)","ER.H2O.FWTL.K3","","","","","","","","","","","","","","","","","152.072","","","","","","","","","","61.562","","","","","70.091","","","","","239.134","","","","","272.422","","","","","276.5599","","","","276.5599","","",
"Montenegro","MNE","Annual freshwater withdrawals, total (billion cubic meters)","ER.H2O.FWTL.K3","","","","","","","","","","","","","","","","","","","","","","","","","","","","","","","","","","","","","","","","","","","","","","","","","","","0.1609","","",
"Mongolia","MNG","Annual freshwater withdrawals, total (billion cubic meters)","ER.H2O.FWTL.K3","","","","","","","","","","","","","","","","","","","","","","","","","","","","","","","","","","","","","0.428","","","","","0.428","","","","","0.428","","","","0.428","","",
"Northern Mariana Islands","MNP","Annual freshwater withdrawals, total (billion cubic meters)","ER.H2O.FWTL.K3","","","","","","","","","","","","","","","","","","","","","","","","","","","","","","","","","","","","","","","","","","","","","","","","","","","","","",
"Mozambique","MOZ","Annual freshwater withdrawals, total (billion cubic meters)","ER.H2O.FWTL.K3","","","","","","","","","","","","","","","","","","","","","","","","","","","","","","","","0.605","","","","","0.605","","","","","0.7442","","","","","0.7442","","","","0.7442","","",
"Mauritania","MRT","Annual freshwater withdrawals, total (billion cubic meters)","ER.H2O.FWTL.K3","","","","","","","","","","","","","","","","","","","","","","0.73","","","","","","","","","","","","","","","0.73","","","","","1.601","","","","","1.601","","","","1.601","","",
"Mauritius","MUS","Annual freshwater withdrawals, total (billion cubic meters)","ER.H2O.FWTL.K3","","","","","","","","","","","","","","","","","0.36","","","","","","","","","","","","","","","0.566","","","","","0.615","","","","","0.61","","","","","0.725","","","","0.725","","",
"Malawi","MWI","Annual freshwater withdrawals, total (billion cubic meters)","ER.H2O.FWTL.K3","","","","","","","","","","","","","","","","","","","","","","","","","","","","","","","","","","","","","0.936","","","","","0.9695","","","","","0.9695","","","","0.9695","","",
"Malaysia","MYS","Annual freshwater withdrawals, total (billion cubic meters)","ER.H2O.FWTL.K3","","","","","","","","","","","","","","","","","","","","","","","","","","","","","","","","10.12","","","","","7.503","","","","","7.503","","","","","13.21","","","","13.21","","",
"North America","NAC","Annual freshwater withdrawals, total (billion cubic meters)","ER.H2O.FWTL.K3","","","","","","","","","","","","","","","","","","","","","","","","","","","","","","","","","","","","","510.2","","","","","519.37","","","","","524.37","","","","524.37","","",
"Namibia","NAM","Annual freshwater withdrawals, total (billion cubic meters)","ER.H2O.FWTL.K3","","","","","","","","","","","","","","","","","","","","","","","","","","","0.14","","","","","0.249","","","","","0.273","","","","","0.3","","","","","0.3","","","","0.3","","",
"New Caledonia","NCL","Annual freshwater withdrawals, total (billion cubic meters)","ER.H2O.FWTL.K3","","","","","","","","","","","","","","","","","","","","","","","","","","","","","","","","","","","","","","","","","","","","","","","","","","","","","",
"Niger","NER","Annual freshwater withdrawals, total (billion cubic meters)","ER.H2O.FWTL.K3","","","","","","","","","","","","","","","","","","","","","","","","","","","","","","","","0.5","","","","","0.5","","","","","2.364","","","","","2.364","","","","2.364","","",
"Nigeria","NGA","Annual freshwater withdrawals, total (billion cubic meters)","ER.H2O.FWTL.K3","","","","","","","","","","","","","","","","","","","","","","","","","","","3.63","","","","","","","","","","3.63","","","","","10.31","","","","","10.31","","","","10.31","","",
"Nicaragua","NIC","Annual freshwater withdrawals, total (billion cubic meters)","ER.H2O.FWTL.K3","","","","","","","","","","","","","","","","","","","","","","","","","","","","","","","","","","","","","","","","","","1.288","","","","","1.288","","","","1.288","","",
"Netherlands","NLD","Annual freshwater withdrawals, total (billion cubic meters)","ER.H2O.FWTL.K3","","","","","","","","","","","","","","","","","","","","","","9.198","","","","","9.349","","","","","7.984","","","","","7.984","","","","","8.947","","","","","11.46","","","","10.61","","",
"High income: nonOECD","NOC","Annual freshwater withdrawals, total (billion cubic meters)","ER.H2O.FWTL.K3","","","","","","","","","","","","","","","","","","","","","","","","","","","","","","","","","","","","","","","","","","","","","","","","","","","","","",
"Norway","NOR","Annual freshwater withdrawals, total (billion cubic meters)","ER.H2O.FWTL.K3","","","","","","","","","","","","","","","","","","","","","","2","","","","","","","","","","","","","","","2","","","","","2.355","","","","","2.939","","","","2.939","","",
"Nepal","NPL","Annual freshwater withdrawals, total (billion cubic meters)","ER.H2O.FWTL.K3","","","","","","","","","","","","","","","","","","","","","","","","","","","","","","","","","","","","","","","","","","9.852","","","","","9.787","","","","9.787","","",
"New Zealand","NZL","Annual freshwater withdrawals, total (billion cubic meters)","ER.H2O.FWTL.K3","","","","","","","","","","","","","","","","","","","","","","1.2","","","","","1.9","","","","","","","","","","1.9","","","","","4.753","","","","","4.753","","","","4.753","","",
"High income: OECD","OEC","Annual freshwater withdrawals, total (billion cubic meters)","ER.H2O.FWTL.K3","","","","","","","","","","","","","","","","","","","","","","745.644","","","","","","","","","","703.21","","","","","867.3525","","","","","912.2984","","","","","903.9012","","","","902.2672","","",
"OECD members","OED","Annual freshwater withdrawals, total (billion cubic meters)","ER.H2O.FWTL.K3","","","","","","","","","","","","","","","","","","","","","","806.449","","","","","","","","","","734.81","","","","","961.3035","","","","","1032.7384","","","","","1028.5412","","","","1027.7572","","",
"Oman","OMN","Annual freshwater withdrawals, total (billion cubic meters)","ER.H2O.FWTL.K3","","","","","","","","","","","","","","","","","","","","","","","","","","","","","","","","1.223","","","","","1.223","","","","","1.36","","","","","1.321","","","","1.321","","",
"Other small states","OSS","Annual freshwater withdrawals, total (billion cubic meters)","ER.H2O.FWTL.K3","","","","","","","","","","","","","","","","","","","","","","","","","","","","","","","","","","","","","2.0337","","","","","2.663","","","","","3.9518","","","","4.4532","","",
"Pakistan","PAK","Annual freshwater withdrawals, total (billion cubic meters)","ER.H2O.FWTL.K3","","","","","","","","","","","","","","","","","153.4","","","","","","","","","","","","","","","155.6","","","","","155.6","","","","","172.6","","","","","172.6","","","","183.5","","",
"Panama","PAN","Annual freshwater withdrawals, total (billion cubic meters)","ER.H2O.FWTL.K3","","","","","","","","","","","","","","","","","","","","","","","","","","","","","","","","1.643","","","","","1.643","","","","","0.4517","","","","","0.4517","","","","0.4517","","",
"Peru","PER","Annual freshwater withdrawals, total (billion cubic meters)","ER.H2O.FWTL.K3","","","","","","","","","","","","","","","","","","","","","","","","","","","","","","","","18.98","","","","","18.98","","","","","19.34","","","","","19.34","","","","19.34","","",
"Philippines","PHL","Annual freshwater withdrawals, total (billion cubic meters)","ER.H2O.FWTL.K3","","","","","","","","","","","","","","","","","","","","","","","","","","","","","","","","","","","","","","","","","","","","","","","78.9","","","","81.56","","",
"Palau","PLW","Annual freshwater withdrawals, total (billion cubic meters)","ER.H2O.FWTL.K3","","","","","","","","","","","","","","","","","","","","","","","","","","","","","","","","","","","","","","","","","","","","","","","","","","","","","",
"Papua New Guinea","PNG","Annual freshwater withdrawals, total (billion cubic meters)","ER.H2O.FWTL.K3","","","","","","","","","","","","","","","","","","","","","","","","","","","","","","","","","","","","","","","","","","0.2714","","","","","0.3921","","","","0.3921","","",
"Poland","POL","Annual freshwater withdrawals, total (billion cubic meters)","ER.H2O.FWTL.K3","","","","","","","","","","","","","","","","","","","","","","15.13","","","","","16.41","","","","","15.16","","","","","15.16","","","","","12.83","","","","","12.68","","","","11.96","","",
"Puerto Rico","PRI","Annual freshwater withdrawals, total (billion cubic meters)","ER.H2O.FWTL.K3","","","","","","","","","","","","","","","","","","","","","","","","","","","","","","","","0.794","","","","","0.8252","","","","","0.8565","","","","","0.995","","","","0.995","","",
"Korea, Dem. Rep.","PRK","Annual freshwater withdrawals, total (billion cubic meters)","ER.H2O.FWTL.K3","","","","","","","","","","","","","","","","","","","","","","","","","","","","","","","","","","","","","","","","","","","","","","","8.658","","","","8.658","","",
"Portugal","PRT","Annual freshwater withdrawals, total (billion cubic meters)","ER.H2O.FWTL.K3","","","","","","","","","","","","","","","","","","","","","","","","","","","","","","","","","","","","","","","","","","8.463","","","","","8.463","","","","8.463","","",
"Paraguay","PRY","Annual freshwater withdrawals, total (billion cubic meters)","ER.H2O.FWTL.K3","","","","","","","","","","","","","","","","","","","","","","","","","","","0.43","","","","","","","","","","0.43","","","","","0.49","","","","","0.49","","","","0.49","","",
"Pacific island small states","PSS","Annual freshwater withdrawals, total (billion cubic meters)","ER.H2O.FWTL.K3","","","","","","","","","","","","","","","","","","","","","","","","","","","","","","","","","","","","","","","","","","","","","","","","","","","","","",
"French Polynesia","PYF","Annual freshwater withdrawals, total (billion cubic meters)","ER.H2O.FWTL.K3","","","","","","","","","","","","","","","","","","","","","","","","","","","","","","","","","","","","","","","","","","","","","","","","","","","","","",
"Qatar","QAT","Annual freshwater withdrawals, total (billion cubic meters)","ER.H2O.FWTL.K3","","","","","","","","","","","","","","","","","0.15","","","","","","","","","","","","","","","","","","","","0.2849","","","","","0.2939","","","","","0.444","","","","0.444","","",
"Romania","ROU","Annual freshwater withdrawals, total (billion cubic meters)","ER.H2O.FWTL.K3","","","","","","","","","","","","9.59","","","","","14.4","","","","","18.8","","","","","20.5","","","","","20.41","","","","","12.46","","","","","8.97","","","","","8.429","","","","6.876","","",
"Russian Federation","RUS","Annual freshwater withdrawals, total (billion cubic meters)","ER.H2O.FWTL.K3","","","","","","","","","","","","","","","","","","","","","","","","","","","","","","","","","","","","","77.1","","","","","66.2","","","","","66.2","","","","66.2","","",
"Rwanda","RWA","Annual freshwater withdrawals, total (billion cubic meters)","ER.H2O.FWTL.K3","","","","","","","","","","","","","","","","","","","","","","","","","","","","","","","","","","","","","","","","","","0.15","","","","","0.15","","","","0.15","","",
"South Asia","SAS","Annual freshwater withdrawals, total (billion cubic meters)","ER.H2O.FWTL.K3","","","","","","","","","","","","","","","","","","","","","","","","","","","","","","","","","","","","","691.4824","","","","","826.1454","","","","","826.0204","","","","1023.7309","","",
"Saudi Arabia","SAU","Annual freshwater withdrawals, total (billion cubic meters)","ER.H2O.FWTL.K3","","","","","","","","","","","","","","","","","","","","","","","","","","","","","","","","17.02","","","","","17.02","","","","","17.02","","","","","23.67","","","","23.67","","",
"Sudan","SDN","Annual freshwater withdrawals, total (billion cubic meters)","ER.H2O.FWTL.K3","","","","","","","","","","","","","","","","","","","","","","","","","","","14.1","","","","","15.5","","","","","17.8","","","","","37.14","","","","","37.14","","","","37.14","","",
"Senegal","SEN","Annual freshwater withdrawals, total (billion cubic meters)","ER.H2O.FWTL.K3","","","","","","","","","","","","","","","","","","","","","","","","","","","1.36","","","","","","","","","","1.36","","","","","2.221","","","","","2.221","","","","2.221","","",
"Singapore","SGP","Annual freshwater withdrawals, total (billion cubic meters)","ER.H2O.FWTL.K3","","","","","","","","","","","","","","","","","0.19","","","","","","","","","","","","","","","","","","","","0.19","","","","","0.19","","","","","0.19","","","","0.19","","",
"Solomon Islands","SLB","Annual freshwater withdrawals, total (billion cubic meters)","ER.H2O.FWTL.K3","","","","","","","","","","","","","","","","","","","","","","","","","","","","","","","","","","","","","","","","","","","","","","","","","","","","","",
"Sierra Leone","SLE","Annual freshwater withdrawals, total (billion cubic meters)","ER.H2O.FWTL.K3","","","","","","","","","","","","","","","","","","","","","","","","","","","0.37","","","","","","","","","","0.37","","","","","0.4932","","","","","0.4932","","","","0.4932","","",
"El Salvador","SLV","Annual freshwater withdrawals, total (billion cubic meters)","ER.H2O.FWTL.K3","","","","","","","","","","","","","","","","","","","","","","","","","","","","","","","","0.729","","","","","0.729","","","","","1.376","","","","","1.376","","","","1.376","","",
"San Marino","SMR","Annual freshwater withdrawals, total (billion cubic meters)","ER.H2O.FWTL.K3","","","","","","","","","","","","","","","","","","","","","","","","","","","","","","","","","","","","","","","","","","","","","","","","","","","","","",
"Somalia","SOM","Annual freshwater withdrawals, total (billion cubic meters)","ER.H2O.FWTL.K3","","","","","","","","","","","","","","","","","","","","","","","","","","","0.81","","","","","","","","","","0.81","","","","","3.29","","","","","3.298","","","","3.298","","",
"Serbia","SRB","Annual freshwater withdrawals, total (billion cubic meters)","ER.H2O.FWTL.K3","","","","","","","","","","","","","","","","","","","","","","","","","","","","","","","","","","","","","","","","","","","","","","","3.954","","","","4.121","","",
"Sub-Saharan Africa (developing only)","SSA","Annual freshwater withdrawals, total (billion cubic meters)","ER.H2O.FWTL.K3","","","","","","","","","","","","","","","","","","","","","","","","","","","","","","","","","","","","","68.6683","","","","","123.5623","","","","","124.5417","","","","124.5417","","",
"South Sudan","SSD","Annual freshwater withdrawals, total (billion cubic meters)","ER.H2O.FWTL.K3","","","","","","","","","","","","","","","","","","","","","","","","","","","","","","","","","","","","","","","","","","","","","","","","","","","","","",
"Sub-Saharan Africa (all income levels)","SSF","Annual freshwater withdrawals, total (billion cubic meters)","ER.H2O.FWTL.K3","","","","","","","","","","","","","","","","","","","","","","","","","","","42.767","","","","","","","","","","68.6783","","","","","123.5797","","","","","124.5591","","","","124.5591","","",
"Small states","SST","Annual freshwater withdrawals, total (billion cubic meters)","ER.H2O.FWTL.K3","","","","","","","","","","","","","","","","","","","","","","","","","","","","","","","","","","","","","5.4019","","","","","6.1135","","","","","7.4289","","","","7.9303","","",
"Sao Tome and Principe","STP","Annual freshwater withdrawals, total (billion cubic meters)","ER.H2O.FWTL.K3","","","","","","","","","","","","","","","","","","","","","","","","","","","","","","","","","","","","","0.007","","","","","0.007","","","","","0.007","","","","0.007","","",
"Suriname","SUR","Annual freshwater withdrawals, total (billion cubic meters)","ER.H2O.FWTL.K3","","","","","","","","","","","","","","","","","","","","","","","","","","","0.46","","","","","","","","","","0.46","","","","","0.67","","","","","0.67","","","","0.67","","",
"Slovak Republic","SVK","Annual freshwater withdrawals, total (billion cubic meters)","ER.H2O.FWTL.K3","","","","","","","","","","","","","","","","","","","","","","","","","","","","","","","","","","","","","1.31","","","","","1.171","","","","","0.688","","","","0.688","","",
"Slovenia","SVN","Annual freshwater withdrawals, total (billion cubic meters)","ER.H2O.FWTL.K3","","","","","","","","","","","","","","","","","","","","","","","","","","","","","","","","","","","","","","","","","","","","","","","0.926","","","","0.942","","",
"Sweden","SWE","Annual freshwater withdrawals, total (billion cubic meters)","ER.H2O.FWTL.K3","","","","","","","","","","","","","","","","","","","","","","4.106","","","","","2.97","","","","","2.89","","","","","2.711","","","","","2.688","","","","","2.616","","","","2.616","","",
"Swaziland","SWZ","Annual freshwater withdrawals, total (billion cubic meters)","ER.H2O.FWTL.K3","","","","","","","","","","","","","","","","","","","","","","0.657","","","","","","","","","","","","","","","0.657","","","","","1.042","","","","","1.042","","","","1.042","","",
"Sint Maarten (Dutch part)","SXM","Annual freshwater withdrawals, total (billion cubic meters)","ER.H2O.FWTL.K3","","","","","","","","","","","","","","","","","","","","","","","","","","","","","","","","","","","","","","","","","","","","","","","","","","","","","",
"Seychelles","SYC","Annual freshwater withdrawals, total (billion cubic meters)","ER.H2O.FWTL.K3","","","","","","","","","","","","","","","","","","","","","","","","","","","","","","","","0.0119","","","","","0.0119","","","","","0.0119","","","","","0.0137","","","","0.0137","","",
"Syrian Arab Republic","SYR","Annual freshwater withdrawals, total (billion cubic meters)","ER.H2O.FWTL.K3","","","","","","","","","","","","","","","","","3.34","","","","","","","","","","","","","","","","","","","","14.43","","","","","16.36","","","","","16.76","","","","16.76","","",
"Turks and Caicos Islands","TCA","Annual freshwater withdrawals, total (billion cubic meters)","ER.H2O.FWTL.K3","","","","","","","","","","","","","","","","","","","","","","","","","","","","","","","","","","","","","","","","","","","","","","","","","","","","","",
"Chad","TCD","Annual freshwater withdrawals, total (billion cubic meters)","ER.H2O.FWTL.K3","","","","","","","","","","","","","","","","","","","","","","","","","","","0.181","","","","","","","","","","0.181","","","","","0.367","","","","","0.367","","","","0.367","","",
"Togo","TGO","Annual freshwater withdrawals, total (billion cubic meters)","ER.H2O.FWTL.K3","","","","","","","","","","","","","","","","","","","","","","","","","","","0.091","","","","","","","","","","0.091","","","","","0.169","","","","","0.169","","","","0.169","","",
"Thailand","THA","Annual freshwater withdrawals, total (billion cubic meters)","ER.H2O.FWTL.K3","","","","","","","","","","","","","","","","","","","","","","","","","","","","","","","","","","","","","","","","","","","","","","","57.31","","","","57.31","","",
"Tajikistan","TJK","Annual freshwater withdrawals, total (billion cubic meters)","ER.H2O.FWTL.K3","","","","","","","","","","","","","","","","","","","","","","","","","","","","","","","","","","","","","11.87","","","","","11.96","","","","","11.49","","","","11.49","","",
"Turkmenistan","TKM","Annual freshwater withdrawals, total (billion cubic meters)","ER.H2O.FWTL.K3","","","","","","","","","","","","","","","","","","","","","","","","","","","","","","","","","","","","","23.78","","","","","24.91","","","","","27.95","","","","27.95","","",
"Timor-Leste","TLS","Annual freshwater withdrawals, total (billion cubic meters)","ER.H2O.FWTL.K3","","","","","","","","","","","","","","","","","","","","","","","","","","","","","","","","","","","","","","","","","","","","","","","1.172","","","","1.172","","",
"Tonga","TON","Annual freshwater withdrawals, total (billion cubic meters)","ER.H2O.FWTL.K3","","","","","","","","","","","","","","","","","","","","","","","","","","","","","","","","","","","","","","","","","","","","","","","","","","","","","",
"Trinidad and Tobago","TTO","Annual freshwater withdrawals, total (billion cubic meters)","ER.H2O.FWTL.K3","","","","","","","","","","","","","","","","","","","","","","","","","","","","","","","","","","","","","0.297","","","","","0.2316","","","","","0.2316","","","","0.2316","","",
"Tunisia","TUN","Annual freshwater withdrawals, total (billion cubic meters)","ER.H2O.FWTL.K3","","","","","","","","","","","","","","","","","1.07","","","","","1.9","","","","","2.3","","","","","3.075","","","","","2.857","","","","","2.85","","","","","2.85","","","","2.85","","",
"Turkey","TUR","Annual freshwater withdrawals, total (billion cubic meters)","ER.H2O.FWTL.K3","","","","","","","","","","","","","","","","","","","","","","","","","","","","","","","","31.6","","","","","31.6","","","","","42","","","","","40.1","","","","40.1","","",
"Tuvalu","TUV","Annual freshwater withdrawals, total (billion cubic meters)","ER.H2O.FWTL.K3","","","","","","","","","","","","","","","","","","","","","","","","","","","","","","","","","","","","","","","","","","","","","","","","","","","","","",
"Tanzania","TZA","Annual freshwater withdrawals, total (billion cubic meters)","ER.H2O.FWTL.K3","","","","","","","","","","","","","","","","","","","","","","","","","","","","","","","","","","","","","","","","","","5.184","","","","","5.184","","","","5.184","","",
"Uganda","UGA","Annual freshwater withdrawals, total (billion cubic meters)","ER.H2O.FWTL.K3","","","","","","","","","","","","0.2","","","","","","","","","","","","","","","","","","","","","","","","","0.2","","","","","0.3174","","","","","0.3174","","","","0.3174","","",
"Ukraine","UKR","Annual freshwater withdrawals, total (billion cubic meters)","ER.H2O.FWTL.K3","","","","","","","","","","","","","","","","","","","","","","","","","","","","","","","","26","","","","","26","","","","","38.48","","","","","38.48","","","","38.48","","",
"Upper middle income","UMC","Annual freshwater withdrawals, total (billion cubic meters)","ER.H2O.FWTL.K3","","","","","","","","","","","","","","","","","","","","","","","","","","","","","","","","","","","","","1040.6263","","","","","1079.6975","","","","","1188.4018","","","","1188.2822","","",
"Uruguay","URY","Annual freshwater withdrawals, total (billion cubic meters)","ER.H2O.FWTL.K3","","","","","","","0.65","","","","","","","","","","","","","","","","","","","","","","","","","","","","","","0.65","","","","","3.66","","","","","3.66","","","","3.66","","",
"United States","USA","Annual freshwater withdrawals, total (billion cubic meters)","ER.H2O.FWTL.K3","","","","","","","","","","","","","","","","","","","","","","517.7","","","","","","","","","","462.5","","","","","468","","","","","473.4","","","","","478.4","","","","478.4","","",
"Uzbekistan","UZB","Annual freshwater withdrawals, total (billion cubic meters)","ER.H2O.FWTL.K3","","","","","","","","","","","","","","","","","","","","","","","","","","","","","","","","","","","","","58.05","","","","","60.58","","","","","56","","","","56","","",
"St. Vincent and the Grenadines","VCT","Annual freshwater withdrawals, total (billion cubic meters)","ER.H2O.FWTL.K3","","","","","","","","","","","","","","","","","","","","","","","","","","","","","","","","","","","","","0.01","","","","","0.01","","","","","0.01","","","","0.01","","",
"Venezuela, RB","VEN","Annual freshwater withdrawals, total (billion cubic meters)","ER.H2O.FWTL.K3","","","","","","","","","","","","4.1","","","","","","","","","","","","","","","","","","","","","","","","","4.1","","","","","9.064","","","","","9.064","","","","9.064","","",
"Virgin Islands (U.S.)","VIR","Annual freshwater withdrawals, total (billion cubic meters)","ER.H2O.FWTL.K3","","","","","","","","","","","","","","","","","","","","","","","","","","","","","","","","","","","","","","","","","","","","","","","","","","","","","",
"Vietnam","VNM","Annual freshwater withdrawals, total (billion cubic meters)","ER.H2O.FWTL.K3","","","","","","","","","","","","","","","","","","","","","","37.86","","","","","45.27","","","","","","","","","","45.27","","","","","45.27","","","","","82.03","","","","82.03","","",
"Vanuatu","VUT","Annual freshwater withdrawals, total (billion cubic meters)","ER.H2O.FWTL.K3","","","","","","","","","","","","","","","","","","","","","","","","","","","","","","","","","","","","","","","","","","","","","","","","","","","","","",
"West Bank and Gaza","PSE","Annual freshwater withdrawals, total (billion cubic meters)","ER.H2O.FWTL.K3","","","","","","","","","","","","","","","","","","","","","","","","","","","","","","","","","","","","","","","","","","0.279","","","","","0.418","","","","0.418","","",
"World","WLD","Annual freshwater withdrawals, total (billion cubic meters)","ER.H2O.FWTL.K3","","","","","","","","","","","","","","","","","","","","","","","","","","","","","","","","","","","","","3107.6174","","","","","3455.1459","","","","","3694.5595","","","","3893.7724","","",
"Samoa","WSM","Annual freshwater withdrawals, total (billion cubic meters)","ER.H2O.FWTL.K3","","","","","","","","","","","","","","","","","","","","","","","","","","","","","","","","","","","","","","","","","","","","","","","","","","","","","",
"Yemen, Rep.","YEM","Annual freshwater withdrawals, total (billion cubic meters)","ER.H2O.FWTL.K3","","","","","","","","","","","","","","","","","","","","","","","","","","","","","","","","2.932","","","","","2.932","","","","","3.4","","","","","3.565","","","","3.565","","",
"South Africa","ZAF","Annual freshwater withdrawals, total (billion cubic meters)","ER.H2O.FWTL.K3","","","","","","","","","","","","","","","","","","","","","","","","","","","","","","","","13.31","","","","","12.9","","","","","12.5","","","","","12.5","","","","12.5","","",
"Congo, Dem. Rep.","COD","Annual freshwater withdrawals, total (billion cubic meters)","ER.H2O.FWTL.K3","","","","","","","","","","","","","","","","","","","","","","","","","","","","","","","","","","","","","","","","","","0.6222","","","","","0.6222","","","","0.6222","","",
"Zambia","ZMB","Annual freshwater withdrawals, total (billion cubic meters)","ER.H2O.FWTL.K3","","","","","","","","","","","","","","","","","","","","","","","","","","","","","","","","1.747","","","","","1.706","","","","","1.74","","","","","1.74","","","","1.74","","",
"Zimbabwe","ZWE","Annual freshwater withdrawals, total (billion cubic meters)","ER.H2O.FWTL.K3","","","","","","","","","","","","","","","","","","","","","","","","","","","1.22","","","","","","","","","","1.22","","","","","4.205","","","","","4.205","","","","4.205","","",
